{
  "project_info": {
    "project_number": "782812614219",
    "project_id": "chitchat-app-8e0da",
    "storage_bucket": "chitchat-app-8e0da.appspot.com"
  },
  "client": [
    {
      "client_info": {
        "mobilesdk_app_id": "1:782812614219:android:e41ef73026256754a547ce",
        "android_client_info": {
          "package_name": "com.example.chitchat"
        }
      },
      "oauth_client": [
        {
          "client_id": "782812614219-cahsr2kb3lj46hv04f6gviofv395o7j1.apps.googleusercontent.com",
          "client_type": 3
        }
      ],
      "api_key": [
        {
          "current_key": "AIzaSyCjTBDvbAF_vMM5j0FQx8rOdUNHpM2VysM"
        }
      ],
      "services": {
        "appinvite_service": {
          "other_platform_oauth_client": [
            {
              "client_id": "782812614219-cahsr2kb3lj46hv04f6gviofv395o7j1.apps.googleusercontent.com",
              "client_type": 3
            }
          ]
        }
      }
    }
  ],
  "configuration_version": "1"
}